{
    "name": "dataflow3",
    "properties": {
        "type": "MappingDataFlow",
        "typeProperties": {
            "sources": [
                {
                    "dataset": {
                        "referenceName": "DelimitedText19",
                        "type": "DatasetReference"
                    },
                    "name": "source1"
                }
            ],
            "sinks": [
                {
                    "dataset": {
                        "referenceName": "DelimitedText20",
                        "type": "DatasetReference"
                    },
                    "name": "sink1"
                }
            ],
            "transformations": [
                {
                    "name": "Sales"
                },
                {
                    "name": "MaskedCreditCardNumber"
                },
                {
                    "name": "SalesCategory"
                },
                {
                    "name": "AOV"
                }
            ],
            "scriptLines": [
                "source(output(",
                "          OrderID as string,",
                "          CustomerName as string,",
                "          PhoneNumber as string,",
                "          Location as string,",
                "          Country as string,",
                "          StoreCode as string,",
                "          Product as string,",
                "          Quantity as string,",
                "          Price as string,",
                "          Date as string,",
                "          CreditCardNumber as string,",
                "          ExpiryDate as string",
                "     ),",
                "     allowSchemaDrift: true,",
                "     validateSchema: false,",
                "     ignoreNoFilesFound: false) ~> source1",
                "source1 derive(Sales = toDouble(Quantity) * toDouble(Price)) ~> Sales",
                "Sales derive(MaskedCreditCardNumber = iif(isNull(CreditCardNumber), '', concat('xxxx-xxxx-xxxx-', substring(CreditCardNumber, length(CreditCardNumber) - 4, 4)))) ~> MaskedCreditCardNumber",
                "MaskedCreditCardNumber derive(SalesCategory = iif(Sales < 500, \"Low\", iif(Sales >= 500 && Sales < 2000, \"Medium\", \"High\"))) ~> SalesCategory",
                "SalesCategory derive(AverageOrderValue = Sales / toFloat(Quantity)) ~> AOV",
                "AOV sink(allowSchemaDrift: true,",
                "     validateSchema: false,",
                "     input(",
                "          OrderID as string,",
                "          CustomerName as string,",
                "          PhoneNumber as string,",
                "          Location as string,",
                "          Country as string,",
                "          StoreCode as string,",
                "          Product as string,",
                "          Quantity as string,",
                "          Price as string,",
                "          Date as string,",
                "          CreditCardNumber as string,",
                "          ExpiryDate as string",
                "     ),",
                "     partitionFileNames:['transformdataset.csv'],",
                "     umask: 0022,",
                "     preCommands: [],",
                "     postCommands: [],",
                "     skipDuplicateMapInputs: true,",
                "     skipDuplicateMapOutputs: true,",
                "     partitionBy('hash', 1)) ~> sink1"
            ]
        }
    }
}