{
    "now": "2024-11-19T11:15:38.806Z",
    "perfNow": 6677649.599999994,
    "diagnosticCorrelation": "69fbf018-e129-465e-a152-6dd11078d78a",
    "source": "DownloadSupportFiles",
    "environment": {
        "productName": "adf",
        "buildVersion": "1.0.110124.1",
        "environmentType": 3,
        "resourceName": "saledatapipelinedatafactory",
        "resourceRegion": "eastus",
        "resourceGroup": "sales_datapipeline",
        "subscriptionId": "98a22152-aa85-4ef6-b572-46a1beb29d55",
        "sessionId": "9MhJdwOI2UNu6Y5SEt0HzI",
        "operationId": "",
        "gitType": "live",
        "loggingKey": "aa822633-0fd9-4c77-b8f5-478bc590c5d9"
    },
    "additionalInfo": {
        "selectedResource": "dataflow3",
        "selectedResourceType": "dataflow",
        "dataFlowSessionId": "4e9ea774-c167-444d-9576-44b97f96d5ad"
    }
}