{
    "name": "DelimitedText19",
    "properties": {
        "linkedServiceName": {
            "referenceName": "AzureDataLakeStorage1",
            "type": "LinkedServiceReference"
        },
        "annotations": [],
        "type": "DelimitedText",
        "typeProperties": {
            "location": {
                "type": "AzureBlobFSLocation",
                "fileName": "cleaned_dataset.csv",
                "folderPath": "cleaned-data",
                "fileSystem": "slaesdatacontainer"
            },
            "columnDelimiter": ",",
            "escapeChar": "\\",
            "firstRowAsHeader": true,
            "quoteChar": "\""
        },
        "schema": [
            {
                "name": "OrderID",
                "type": "String"
            },
            {
                "name": "CustomerName",
                "type": "String"
            },
            {
                "name": "PhoneNumber",
                "type": "String"
            },
            {
                "name": "Location",
                "type": "String"
            },
            {
                "name": "Country",
                "type": "String"
            },
            {
                "name": "StoreCode",
                "type": "String"
            },
            {
                "name": "Product",
                "type": "String"
            },
            {
                "name": "Quantity",
                "type": "String"
            },
            {
                "name": "Price",
                "type": "String"
            },
            {
                "name": "Date",
                "type": "String"
            },
            {
                "name": "CreditCardNumber",
                "type": "String"
            },
            {
                "name": "ExpiryDate",
                "type": "String"
            }
        ]
    }
}