{
    "now": "2024-11-19T11:15:18.434Z",
    "perfNow": 6657277.700000018,
    "diagnosticCorrelation": "4385d01e-dce3-455b-aeb7-475963ed20bc",
    "source": "DownloadSupportFiles",
    "environment": {
        "productName": "adf",
        "buildVersion": "1.0.110124.1",
        "environmentType": 3,
        "resourceName": "saledatapipelinedatafactory",
        "resourceRegion": "eastus",
        "resourceGroup": "sales_datapipeline",
        "subscriptionId": "98a22152-aa85-4ef6-b572-46a1beb29d55",
        "sessionId": "9MhJdwOI2UNu6Y5SEt0HzI",
        "operationId": "",
        "gitType": "live",
        "loggingKey": "aa822633-0fd9-4c77-b8f5-478bc590c5d9"
    },
    "additionalInfo": {
        "selectedResource": "dataflow2",
        "selectedResourceType": "dataflow",
        "dataFlowSessionId": "4e9ea774-c167-444d-9576-44b97f96d5ad"
    }
}