{
    "name": "dataflow2",
    "properties": {
        "type": "MappingDataFlow",
        "typeProperties": {
            "sources": [
                {
                    "dataset": {
                        "referenceName": "DelimitedText18",
                        "type": "DatasetReference"
                    },
                    "name": "source1"
                }
            ],
            "sinks": [
                {
                    "dataset": {
                        "referenceName": "DelimitedText19",
                        "type": "DatasetReference"
                    },
                    "name": "sink1"
                }
            ],
            "transformations": [
                {
                    "name": "CleanOrderId"
                },
                {
                    "name": "Customer"
                },
                {
                    "name": "Phonenumber"
                },
                {
                    "name": "Location"
                },
                {
                    "name": "Country"
                },
                {
                    "name": "storecode"
                },
                {
                    "name": "Product"
                },
                {
                    "name": "Creditcardnumber"
                },
                {
                    "name": "Quantity"
                },
                {
                    "name": "Price"
                },
                {
                    "name": "Date"
                }
            ],
            "scriptLines": [
                "source(output(",
                "          OrderID as string,",
                "          CustomerName as string,",
                "          PhoneNumber as string,",
                "          Location as string,",
                "          Country as string,",
                "          StoreCode as string,",
                "          Product as string,",
                "          Quantity as string,",
                "          Price as string,",
                "          Date as string,",
                "          CreditCardNumber as string,",
                "          ExpiryDate as string",
                "     ),",
                "     allowSchemaDrift: true,",
                "     validateSchema: false,",
                "     ignoreNoFilesFound: false) ~> source1",
                "Date derive(OrderID = iif(isNull(OrderID) || trim(OrderID) == '', 'Unknown', OrderID)) ~> CleanOrderId",
                "CleanOrderId derive(CustomerName = iif(isNull(CustomerName) || trim(CustomerName) == '', 'Unknown', CustomerName)) ~> Customer",
                "Customer derive(PhoneNumber = iif(isNull(PhoneNumber) || trim(PhoneNumber) == '', 'Unknown', PhoneNumber)) ~> Phonenumber",
                "Phonenumber derive(Location = iif(isNull(Location) || trim(Location) == '', 'Unknown', Location)) ~> Location",
                "Location derive(Country = iif(isNull(Country) || trim(Country) == '', 'Unknown', Country)) ~> Country",
                "source1 derive(StoreCode = iif(isNull(StoreCode) || trim(StoreCode) == '', 'Unknown', StoreCode)) ~> storecode",
                "storecode derive(Product = iif(isNull(Product) || trim(Product) == '', 'Unknown', Product)) ~> Product",
                "Product derive(CreditCardNumber = iif(isNull(CreditCardNumber) || trim(CreditCardNumber) == '', 'Unknown', CreditCardNumber)) ~> Creditcardnumber",
                "Creditcardnumber derive(Quantity = iif(isNull(trim(Quantity)) || trim(Quantity) == '', '10', Quantity)) ~> Quantity",
                "Quantity derive(Price = iif(isNull(trim(Price)) || trim(Price) == '', '100', Price)) ~> Price",
                "Price derive(Date = iif(isNull(toDate(Date, 'yyyy-MM-dd')), toDate('1970-01-01', 'yyyy-MM-dd'), toDate(Date, 'yyyy-MM-dd'))) ~> Date",
                "Country sink(allowSchemaDrift: true,",
                "     validateSchema: false,",
                "     input(",
                "          OrderID as string,",
                "          CustomerName as string,",
                "          PhoneNumber as string,",
                "          Location as string,",
                "          Country as string,",
                "          StoreCode as string,",
                "          Product as string,",
                "          Quantity as string,",
                "          Price as string,",
                "          Date as string,",
                "          CreditCardNumber as string,",
                "          ExpiryDate as string",
                "     ),",
                "     partitionFileNames:['cleaned_dataset.csv'],",
                "     umask: 0022,",
                "     preCommands: [],",
                "     postCommands: [],",
                "     skipDuplicateMapInputs: true,",
                "     skipDuplicateMapOutputs: true,",
                "     partitionBy('hash', 1)) ~> sink1"
            ]
        }
    }
}